{"cameraMode":{"drawMode":0,"name":"Shaded","section":"Shading Mode"},"sceneLighting":true,"audioPlay":false,"sceneViewState":{"m_AlwaysRefresh":false,"showFog":true,"showSkybox":true,"showFlares":true,"showImageEffects":true,"showParticleSystems":true,"showVisualEffectGraphs":true,"m_FxEnabled":true},"in2DMode":false,"pivot":{"x":1.5409619808197022,"y":2.1867401599884035,"z":0.8092188835144043},"rotation":{"x":-0.2320161759853363,"y":0.03558926284313202,"z":-0.008494853042066098,"w":-0.972024142742157},"size":3.969459295272827,"orthographic":false}